sourceTaxonId	sourceTaxonName	sourceNote	interactionTypeId	interactionTypeName	targetTaxonId	targetTaxonName	targetNote	localityId	localityName	decimalLatitude	decimalLongitude	observationDateTime	referenceDoi	referenceCitation
EOL:4968465	bothriocephalus acheilognathi	Helminth	RO:0002556	Pathogen of	EOL:224744	abbottina rivularis	Fish						doi: 10.1038/sdata.2015.49	Wardeh, M. et al. Database of host-pathogen and related species interactions, and their global distribution. Sci. Data 2:150049 doi: 10.1038/sdata.2015.49 (2015)
EOL:11986459	dollfustrema hefeiensis	Helminth	RO:0002556	Pathogen of	EOL:224744	abbottina rivularis	Fish						doi: 10.1038/sdata.2015.49	Wardeh, M. et al. Database of host-pathogen and related species interactions, and their global distribution. Sci. Data 2:150049 doi: 10.1038/sdata.2015.49 (2015)
EOL:974186	bacillus megaterium	Bacteria	RO:0002556	Pathogen of	EOL:584458	abelmoschus esculentus	Higher Plants						doi: 10.1038/sdata.2015.49	Wardeh, M. et al. Database of host-pathogen and related species interactions, and their global distribution. Sci. Data 2:150049 doi: 10.1038/sdata.2015.49 (2015)
EOL:2912748	bacillus subtilis	Bacteria	RO:0002556	Pathogen of	EOL:584458	abelmoschus esculentus	Higher Plants						doi: 10.1038/sdata.2015.49	Wardeh, M. et al. Database of host-pathogen and related species interactions, and their global distribution. Sci. Data 2:150049 doi: 10.1038/sdata.2015.49 (2015)
EOL:588056	bemisia tabaci	Arthropod	RO:0002556	Pathogen of	EOL:584458	abelmoschus esculentus	Higher Plants						doi: 10.1038/sdata.2015.49	Wardeh, M. et al. Database of host-pathogen and related species interactions, and their global distribution. Sci. Data 2:150049 doi: 10.1038/sdata.2015.49 (2015)
EOL:541076	bhendi yellow vein mosaic virus	Virus	RO:0002556	Pathogen of	EOL:584458	abelmoschus esculentus	Higher Plants						doi: 10.1038/sdata.2015.49	Wardeh, M. et al. Database of host-pathogen and related species interactions, and their global distribution. Sci. Data 2:150049 doi: 10.1038/sdata.2015.49 (2015)
EOL:8614832	cotton leaf curl bangalore virus	Virus	RO:0002556	Pathogen of	EOL:584458	abelmoschus esculentus	Higher Plants						doi: 10.1038/sdata.2015.49	Wardeh, M. et al. Database of host-pathogen and related species interactions, and their global distribution. Sci. Data 2:150049 doi: 10.1038/sdata.2015.49 (2015)
EOL:541067	cotton leaf curl gezira virus	Virus	RO:0002556	Pathogen of	EOL:584458	abelmoschus esculentus	Higher Plants						doi: 10.1038/sdata.2015.49	Wardeh, M. et al. Database of host-pathogen and related species interactions, and their global distribution. Sci. Data 2:150049 doi: 10.1038/sdata.2015.49 (2015)
EOL:541066	cotton leaf curl multan virus	Virus	RO:0002556	Pathogen of	EOL:584458	abelmoschus esculentus	Higher Plants						doi: 10.1038/sdata.2015.49	Wardeh, M. et al. Database of host-pathogen and related species interactions, and their global distribution. Sci. Data 2:150049 doi: 10.1038/sdata.2015.49 (2015)
EOL:546850	earias vitella	Arthropod	RO:0002556	Pathogen of	EOL:584458	abelmoschus esculentus	Higher Plants						doi: 10.1038/sdata.2015.49	Wardeh, M. et al. Database of host-pathogen and related species interactions, and their global distribution. Sci. Data 2:150049 doi: 10.1038/sdata.2015.49 (2015)
EOL:196148	fusarium proliferatum	Fungi	RO:0002556	Pathogen of	EOL:584458	abelmoschus esculentus	Higher Plants						doi: 10.1038/sdata.2015.49	Wardeh, M. et al. Database of host-pathogen and related species interactions, and their global distribution. Sci. Data 2:150049 doi: 10.1038/sdata.2015.49 (2015)
EOL:6382218	leuconostoc mesenteroides	Bacteria	RO:0002556	Pathogen of	EOL:584458	abelmoschus esculentus	Higher Plants						doi: 10.1038/sdata.2015.49	Wardeh, M. et al. Database of host-pathogen and related species interactions, and their global distribution. Sci. Data 2:150049 doi: 10.1038/sdata.2015.49 (2015)
EOL:8614788	mesta yellow vein mosaic virus	Virus	RO:0002556	Pathogen of	EOL:584458	abelmoschus esculentus	Higher Plants						doi: 10.1038/sdata.2015.49	Wardeh, M. et al. Database of host-pathogen and related species interactions, and their global distribution. Sci. Data 2:150049 doi: 10.1038/sdata.2015.49 (2015)
EOL:8614788	okra yellow crinkle virus	Virus	RO:0002556	Pathogen of	EOL:584458	abelmoschus esculentus	Higher Plants						doi: 10.1038/sdata.2015.49	Wardeh, M. et al. Database of host-pathogen and related species interactions, and their global distribution. Sci. Data 2:150049 doi: 10.1038/sdata.2015.49 (2015)
EOL:8614783	okra yellow mosaic mexico virus	Virus	RO:0002556	Pathogen of	EOL:584458	abelmoschus esculentus	Higher Plants						doi: 10.1038/sdata.2015.49	Wardeh, M. et al. Database of host-pathogen and related species interactions, and their global distribution. Sci. Data 2:150049 doi: 10.1038/sdata.2015.49 (2015)
EOL:541038	okra yellow vein mosaic virus	Virus	RO:0002556	Pathogen of	EOL:584458	abelmoschus esculentus	Higher Plants						doi: 10.1038/sdata.2015.49	Wardeh, M. et al. Database of host-pathogen and related species interactions, and their global distribution. Sci. Data 2:150049 doi: 10.1038/sdata.2015.49 (2015)
EOL:6375641	pectobacterium carotovorum	Bacteria	RO:0002556	Pathogen of	EOL:584458	abelmoschus esculentus	Higher Plants						doi: 10.1038/sdata.2015.49	Wardeh, M. et al. Database of host-pathogen and related species interactions, and their global distribution. Sci. Data 2:150049 doi: 10.1038/sdata.2015.49 (2015)
EOL:973024	pseudomonas fluorescens	Bacteria	RO:0002556	Pathogen of	EOL:584458	abelmoschus esculentus	Higher Plants						doi: 10.1038/sdata.2015.49	Wardeh, M. et al. Database of host-pathogen and related species interactions, and their global distribution. Sci. Data 2:150049 doi: 10.1038/sdata.2015.49 (2015)
EOL:11605162	radish leaf curl virus	Virus	RO:0002556	Pathogen of	EOL:584458	abelmoschus esculentus	Higher Plants						doi: 10.1038/sdata.2015.49	Wardeh, M. et al. Database of host-pathogen and related species interactions, and their global distribution. Sci. Data 2:150049 doi: 10.1038/sdata.2015.49 (2015)
EOL:8614755	sida micrantha mosaic virus	Virus	RO:0002556	Pathogen of	EOL:584458	abelmoschus esculentus	Higher Plants						doi: 10.1038/sdata.2015.49	Wardeh, M. et al. Database of host-pathogen and related species interactions, and their global distribution. Sci. Data 2:150049 doi: 10.1038/sdata.2015.49 (2015)
EOL:533125	spodoptera litura	Arthropod	RO:0002556	Pathogen of	EOL:584458	abelmoschus esculentus	Higher Plants						doi: 10.1038/sdata.2015.49	Wardeh, M. et al. Database of host-pathogen and related species interactions, and their global distribution. Sci. Data 2:150049 doi: 10.1038/sdata.2015.49 (2015)
EOL:740908	tobacco streak virus	Virus	RO:0002556	Pathogen of	EOL:584458	abelmoschus esculentus	Higher Plants						doi: 10.1038/sdata.2015.49	Wardeh, M. et al. Database of host-pathogen and related species interactions, and their global distribution. Sci. Data 2:150049 doi: 10.1038/sdata.2015.49 (2015)
EOL:540988	tomato leaf curl new delhi virus	Virus	RO:0002556	Pathogen of	EOL:584458	abelmoschus esculentus	Higher Plants						doi: 10.1038/sdata.2015.49	Wardeh, M. et al. Database of host-pathogen and related species interactions, and their global distribution. Sci. Data 2:150049 doi: 10.1038/sdata.2015.49 (2015)
EOL:540981	tomato leaf curl virus	Virus	RO:0002556	Pathogen of	EOL:584458	abelmoschus esculentus	Higher Plants						doi: 10.1038/sdata.2015.49	Wardeh, M. et al. Database of host-pathogen and related species interactions, and their global distribution. Sci. Data 2:150049 doi: 10.1038/sdata.2015.49 (2015)
EOL:4220145	mindarus abietinus	Arthropod	RO:0002556	Pathogen of	EOL:1033070	abies alba	Higher Plants						doi: 10.1038/sdata.2015.49	Wardeh, M. et al. Database of host-pathogen and related species interactions, and their global distribution. Sci. Data 2:150049 doi: 10.1038/sdata.2015.49 (2015)
EOL:4220145	mindarus abietinus	Arthropod	RO:0002556	Pathogen of	EOL:1061732	abies balsamea	Higher Plants						doi: 10.1038/sdata.2015.49	Wardeh, M. et al. Database of host-pathogen and related species interactions, and their global distribution. Sci. Data 2:150049 doi: 10.1038/sdata.2015.49 (2015)
EOL:361902	dioryctria resiniphila	Arthropod	RO:0002556	Pathogen of	EOL:990960	abies cephalonica	Higher Plants						doi: 10.1038/sdata.2015.49	Wardeh, M. et al. Database of host-pathogen and related species interactions, and their global distribution. Sci. Data 2:150049 doi: 10.1038/sdata.2015.49 (2015)
EOL:4220147	mindarus kinseyi	Arthropod	RO:0002556	Pathogen of	EOL:1033078	abies concolor	Higher Plants						doi: 10.1038/sdata.2015.49	Wardeh, M. et al. Database of host-pathogen and related species interactions, and their global distribution. Sci. Data 2:150049 doi: 10.1038/sdata.2015.49 (2015)
EOL:4220145	mindarus abietinus	Arthropod	RO:0002556	Pathogen of	EOL:1034953	abies fraseri	Higher Plants						doi: 10.1038/sdata.2015.49	Wardeh, M. et al. Database of host-pathogen and related species interactions, and their global distribution. Sci. Data 2:150049 doi: 10.1038/sdata.2015.49 (2015)
EOL:4220147	mindarus kinseyi	Arthropod	RO:0002556	Pathogen of	EOL:1033074	abies grandis	Higher Plants						doi: 10.1038/sdata.2015.49	Wardeh, M. et al. Database of host-pathogen and related species interactions, and their global distribution. Sci. Data 2:150049 doi: 10.1038/sdata.2015.49 (2015)
EOL:7701392	cinara longipennis	Arthropod	RO:0002556	Pathogen of	EOL:1033081	abies holophylla	Higher Plants						doi: 10.1038/sdata.2015.49	Wardeh, M. et al. Database of host-pathogen and related species interactions, and their global distribution. Sci. Data 2:150049 doi: 10.1038/sdata.2015.49 (2015)
EOL:4220145	mindarus abietinus	Arthropod	RO:0002556	Pathogen of	EOL:1061728	abies lasiocarpa	Higher Plants						doi: 10.1038/sdata.2015.49	Wardeh, M. et al. Database of host-pathogen and related species interactions, and their global distribution. Sci. Data 2:150049 doi: 10.1038/sdata.2015.49 (2015)
EOL:3688948	cinara curvipes	Arthropod	RO:0002556	Pathogen of	EOL:1061727	abies magnifica	Higher Plants						doi: 10.1038/sdata.2015.49	Wardeh, M. et al. Database of host-pathogen and related species interactions, and their global distribution. Sci. Data 2:150049 doi: 10.1038/sdata.2015.49 (2015)
EOL:2959037	dactylogyrus auriculatus	Helminth	RO:0002556	Pathogen of	EOL:212199	abramis ballerus	Fish						doi: 10.1038/sdata.2015.49	Wardeh, M. et al. Database of host-pathogen and related species interactions, and their global distribution. Sci. Data 2:150049 doi: 10.1038/sdata.2015.49 (2015)
EOL:4970729	dactylogyrus chranilowi	Helminth	RO:0002556	Pathogen of	EOL:212199	abramis ballerus	Fish						doi: 10.1038/sdata.2015.49	Wardeh, M. et al. Database of host-pathogen and related species interactions, and their global distribution. Sci. Data 2:150049 doi: 10.1038/sdata.2015.49 (2015)
EOL:4974426	paradiplozoon nagibinae	Helminth	RO:0002556	Pathogen of	EOL:212199	abramis ballerus	Fish						doi: 10.1038/sdata.2015.49	Wardeh, M. et al. Database of host-pathogen and related species interactions, and their global distribution. Sci. Data 2:150049 doi: 10.1038/sdata.2015.49 (2015)
EOL:577966	gyrodactylus elegans	Helminth	RO:0002556	Pathogen of	EOL:356737	abramis bjoerkna	Fish						doi: 10.1038/sdata.2015.49	Wardeh, M. et al. Database of host-pathogen and related species interactions, and their global distribution. Sci. Data 2:150049 doi: 10.1038/sdata.2015.49 (2015)
EOL:4970725	dactylogyrus falcatus	Helminth	RO:0002556	Pathogen of	EOL:205715	abramis brama	Fish						doi: 10.1038/sdata.2015.49	Wardeh, M. et al. Database of host-pathogen and related species interactions, and their global distribution. Sci. Data 2:150049 doi: 10.1038/sdata.2015.49 (2015)
EOL:2959043	dactylogyrus wunderi	Helminth	RO:0002556	Pathogen of	EOL:205715	abramis brama	Fish						doi: 10.1038/sdata.2015.49	Wardeh, M. et al. Database of host-pathogen and related species interactions, and their global distribution. Sci. Data 2:150049 doi: 10.1038/sdata.2015.49 (2015)
EOL:4970743	dactylogyrus zandti	Helminth	RO:0002556	Pathogen of	EOL:205715	abramis brama	Fish						doi: 10.1038/sdata.2015.49	Wardeh, M. et al. Database of host-pathogen and related species interactions, and their global distribution. Sci. Data 2:150049 doi: 10.1038/sdata.2015.49 (2015)
EOL:577654	diplozoon paradoxum	Helminth	RO:0002556	Pathogen of	EOL:205715	abramis brama	Fish						doi: 10.1038/sdata.2015.49	Wardeh, M. et al. Database of host-pathogen and related species interactions, and their global distribution. Sci. Data 2:150049 doi: 10.1038/sdata.2015.49 (2015)
EOL:21649435	goussia balatonica	Protozoa	RO:0002556	Pathogen of	EOL:205715	abramis brama	Fish						doi: 10.1038/sdata.2015.49	Wardeh, M. et al. Database of host-pathogen and related species interactions, and their global distribution. Sci. Data 2:150049 doi: 10.1038/sdata.2015.49 (2015)
EOL:577966	gyrodactylus elegans	Helminth	RO:0002556	Pathogen of	EOL:205715	abramis brama	Fish						doi: 10.1038/sdata.2015.49	Wardeh, M. et al. Database of host-pathogen and related species interactions, and their global distribution. Sci. Data 2:150049 doi: 10.1038/sdata.2015.49 (2015)
EOL:2948562	ligula intestinalis	Helminth	RO:0002556	Pathogen of	EOL:205715	abramis brama	Fish						doi: 10.1038/sdata.2015.49	Wardeh, M. et al. Database of host-pathogen and related species interactions, and their global distribution. Sci. Data 2:150049 doi: 10.1038/sdata.2015.49 (2015)
EOL:11986012	myxobolus bramae	Cnidaria	RO:0002556	Pathogen of	EOL:205715	abramis brama	Fish						doi: 10.1038/sdata.2015.49	Wardeh, M. et al. Database of host-pathogen and related species interactions, and their global distribution. Sci. Data 2:150049 doi: 10.1038/sdata.2015.49 (2015)
EOL:11986078	myxobolus dogieli	Cnidaria	RO:0002556	Pathogen of	EOL:205715	abramis brama	Fish						doi: 10.1038/sdata.2015.49	Wardeh, M. et al. Database of host-pathogen and related species interactions, and their global distribution. Sci. Data 2:150049 doi: 10.1038/sdata.2015.49 (2015)
EOL:4970719	dactylogyrus propinquus	Helminth	RO:0002556	Pathogen of	EOL:225843	abramis sapa	Fish						doi: 10.1038/sdata.2015.49	Wardeh, M. et al. Database of host-pathogen and related species interactions, and their global distribution. Sci. Data 2:150049 doi: 10.1038/sdata.2015.49 (2015)
EOL:972688	escherichia coli	Bacteria	RO:0002556	Pathogen of	EOL:1047918	anas platyrhynchos	Domestic						doi: 10.1038/sdata.2015.49	Wardeh, M. et al. Database of host-pathogen and related species interactions, and their global distribution. Sci. Data 2:150049 doi: 10.1038/sdata.2015.49 (2015)
EOL:540691	influenza a virus	Virus	RO:0002556	Pathogen of	EOL:1047918	anas platyrhynchos	Domestic						doi: 10.1038/sdata.2015.49	Wardeh, M. et al. Database of host-pathogen and related species interactions, and their global distribution. Sci. Data 2:150049 doi: 10.1038/sdata.2015.49 (2015)
EOL:4968465	bothriocephalus acheilognathi	Helminth	RO:0002556	Pathogen of	EOL:615916	andinoacara coeruleopunctatus	Fish						doi: 10.1038/sdata.2015.49	Wardeh, M. et al. Database of host-pathogen and related species interactions, and their global distribution. Sci. Data 2:150049 doi: 10.1038/sdata.2015.49 (2015)
EOL:975678	bacillus cereus	Bacteria	RO:0002556	Pathogen of	EOL:755934	anopheles stephensi	Arthropod						doi: 10.1038/sdata.2015.49	Wardeh, M. et al. Database of host-pathogen and related species interactions, and their global distribution. Sci. Data 2:150049 doi: 10.1038/sdata.2015.49 (2015)
EOL:974617	bacillus pumilus	Bacteria	RO:0002556	Pathogen of	EOL:755934	anopheles stephensi	Arthropod						doi: 10.1038/sdata.2015.49	Wardeh, M. et al. Database of host-pathogen and related species interactions, and their global distribution. Sci. Data 2:150049 doi: 10.1038/sdata.2015.49 (2015)
EOL:972799	pantoea agglomerans	Bacteria	RO:0002556	Pathogen of	EOL:755934	anopheles stephensi	Arthropod						doi: 10.1038/sdata.2015.49	Wardeh, M. et al. Database of host-pathogen and related species interactions, and their global distribution. Sci. Data 2:150049 doi: 10.1038/sdata.2015.49 (2015)
EOL:6375676	pantoea stewartii	Bacteria	RO:0002556	Pathogen of	EOL:755934	anopheles stephensi	Arthropod						doi: 10.1038/sdata.2015.49	Wardeh, M. et al. Database of host-pathogen and related species interactions, and their global distribution. Sci. Data 2:150049 doi: 10.1038/sdata.2015.49 (2015)
EOL:973024	pseudomonas fluorescens	Bacteria	RO:0002556	Pathogen of	EOL:755934	anopheles stephensi	Arthropod						doi: 10.1038/sdata.2015.49	Wardeh, M. et al. Database of host-pathogen and related species interactions, and their global distribution. Sci. Data 2:150049 doi: 10.1038/sdata.2015.49 (2015)
EOL:540691	influenza a virus	Virus	RO:0002556	Pathogen of	EOL:1047334	anser anser	Domestic						doi: 10.1038/sdata.2015.49	Wardeh, M. et al. Database of host-pathogen and related species interactions, and their global distribution. Sci. Data 2:150049 doi: 10.1038/sdata.2015.49 (2015)
EOL:975678	bacillus cereus	Bacteria	RO:0002556	Pathogen of	EOL:1045608	apis mellifera	Arthropod						doi: 10.1038/sdata.2015.49	Wardeh, M. et al. Database of host-pathogen and related species interactions, and their global distribution. Sci. Data 2:150049 doi: 10.1038/sdata.2015.49 (2015)
EOL:974186	bacillus megaterium	Bacteria	RO:0002556	Pathogen of	EOL:1045608	apis mellifera	Arthropod						doi: 10.1038/sdata.2015.49	Wardeh, M. et al. Database of host-pathogen and related species interactions, and their global distribution. Sci. Data 2:150049 doi: 10.1038/sdata.2015.49 (2015)
EOL:974617	bacillus pumilus	Bacteria	RO:0002556	Pathogen of	EOL:1045608	apis mellifera	Arthropod						doi: 10.1038/sdata.2015.49	Wardeh, M. et al. Database of host-pathogen and related species interactions, and their global distribution. Sci. Data 2:150049 doi: 10.1038/sdata.2015.49 (2015)
EOL:2912748	bacillus subtilis	Bacteria	RO:0002556	Pathogen of	EOL:1045608	apis mellifera	Arthropod						doi: 10.1038/sdata.2015.49	Wardeh, M. et al. Database of host-pathogen and related species interactions, and their global distribution. Sci. Data 2:150049 doi: 10.1038/sdata.2015.49 (2015)
EOL:975750	bacillus thuringiensis	Bacteria	RO:0002556	Pathogen of	EOL:1045608	apis mellifera	Arthropod						doi: 10.1038/sdata.2015.49	Wardeh, M. et al. Database of host-pathogen and related species interactions, and their global distribution. Sci. Data 2:150049 doi: 10.1038/sdata.2015.49 (2015)
EOL:11681316	pantoea eucalypti	Bacteria	RO:0002556	Pathogen of	EOL:1045608	apis mellifera	Arthropod						doi: 10.1038/sdata.2015.49	Wardeh, M. et al. Database of host-pathogen and related species interactions, and their global distribution. Sci. Data 2:150049 doi: 10.1038/sdata.2015.49 (2015)
EOL:2912748	bacillus subtilis	Bacteria	RO:0002556	Pathogen of	EOL:641309	arachis hypogaea	Higher Plants						doi: 10.1038/sdata.2015.49	Wardeh, M. et al. Database of host-pathogen and related species interactions, and their global distribution. Sci. Data 2:150049 doi: 10.1038/sdata.2015.49 (2015)
EOL:588056	bemisia tabaci	Arthropod	RO:0002556	Pathogen of	EOL:641309	arachis hypogaea	Higher Plants						doi: 10.1038/sdata.2015.49	Wardeh, M. et al. Database of host-pathogen and related species interactions, and their global distribution. Sci. Data 2:150049 doi: 10.1038/sdata.2015.49 (2015)
EOL:11472604	colletotrichum gloeosporioides	Fungi	RO:0002556	Pathogen of	EOL:641309	arachis hypogaea	Higher Plants						doi: 10.1038/sdata.2015.49	Wardeh, M. et al. Database of host-pathogen and related species interactions, and their global distribution. Sci. Data 2:150049 doi: 10.1038/sdata.2015.49 (2015)
EOL:973024	pseudomonas fluorescens	Bacteria	RO:0002556	Pathogen of	EOL:641309	arachis hypogaea	Higher Plants						doi: 10.1038/sdata.2015.49	Wardeh, M. et al. Database of host-pathogen and related species interactions, and their global distribution. Sci. Data 2:150049 doi: 10.1038/sdata.2015.49 (2015)
EOL:740908	tobacco streak virus	Virus	RO:0002556	Pathogen of	EOL:641309	arachis hypogaea	Higher Plants						doi: 10.1038/sdata.2015.49	Wardeh, M. et al. Database of host-pathogen and related species interactions, and their global distribution. Sci. Data 2:150049 doi: 10.1038/sdata.2015.49 (2015)
EOL:974651	bacillus amyloliquefaciens	Bacteria	RO:0002556	Pathogen of	EOL:581909	azadirachta indica	Higher Plants						doi: 10.1038/sdata.2015.49	Wardeh, M. et al. Database of host-pathogen and related species interactions, and their global distribution. Sci. Data 2:150049 doi: 10.1038/sdata.2015.49 (2015)
EOL:975678	bacillus cereus	Bacteria	RO:0002556	Pathogen of	EOL:581909	azadirachta indica	Higher Plants						doi: 10.1038/sdata.2015.49	Wardeh, M. et al. Database of host-pathogen and related species interactions, and their global distribution. Sci. Data 2:150049 doi: 10.1038/sdata.2015.49 (2015)
EOL:974598	bacillus licheniformis	Bacteria	RO:0002556	Pathogen of	EOL:581909	azadirachta indica	Higher Plants						doi: 10.1038/sdata.2015.49	Wardeh, M. et al. Database of host-pathogen and related species interactions, and their global distribution. Sci. Data 2:150049 doi: 10.1038/sdata.2015.49 (2015)
EOL:974186	bacillus megaterium	Bacteria	RO:0002556	Pathogen of	EOL:581909	azadirachta indica	Higher Plants						doi: 10.1038/sdata.2015.49	Wardeh, M. et al. Database of host-pathogen and related species interactions, and their global distribution. Sci. Data 2:150049 doi: 10.1038/sdata.2015.49 (2015)
EOL:974617	bacillus pumilus	Bacteria	RO:0002556	Pathogen of	EOL:581909	azadirachta indica	Higher Plants						doi: 10.1038/sdata.2015.49	Wardeh, M. et al. Database of host-pathogen and related species interactions, and their global distribution. Sci. Data 2:150049 doi: 10.1038/sdata.2015.49 (2015)
EOL:2912748	bacillus subtilis	Bacteria	RO:0002556	Pathogen of	EOL:581909	azadirachta indica	Higher Plants						doi: 10.1038/sdata.2015.49	Wardeh, M. et al. Database of host-pathogen and related species interactions, and their global distribution. Sci. Data 2:150049 doi: 10.1038/sdata.2015.49 (2015)
EOL:975750	bacillus thuringiensis	Bacteria	RO:0002556	Pathogen of	EOL:581909	azadirachta indica	Higher Plants						doi: 10.1038/sdata.2015.49	Wardeh, M. et al. Database of host-pathogen and related species interactions, and their global distribution. Sci. Data 2:150049 doi: 10.1038/sdata.2015.49 (2015)
EOL:11472604	colletotrichum gloeosporioides	Fungi	RO:0002556	Pathogen of	EOL:581909	azadirachta indica	Higher Plants						doi: 10.1038/sdata.2015.49	Wardeh, M. et al. Database of host-pathogen and related species interactions, and their global distribution. Sci. Data 2:150049 doi: 10.1038/sdata.2015.49 (2015)
EOL:975678	bacillus cereus	Bacteria	RO:0002556	Pathogen of	EOL:588056	bemisia tabaci	Arthropod						doi: 10.1038/sdata.2015.49	Wardeh, M. et al. Database of host-pathogen and related species interactions, and their global distribution. Sci. Data 2:150049 doi: 10.1038/sdata.2015.49 (2015)
EOL:975750	bacillus thuringiensis	Bacteria	RO:0002556	Pathogen of	EOL:588056	bemisia tabaci	Arthropod						doi: 10.1038/sdata.2015.49	Wardeh, M. et al. Database of host-pathogen and related species interactions, and their global distribution. Sci. Data 2:150049 doi: 10.1038/sdata.2015.49 (2015)
EOL:972802	pantoea ananatis	Bacteria	RO:0002556	Pathogen of	EOL:588056	bemisia tabaci	Arthropod						doi: 10.1038/sdata.2015.49	Wardeh, M. et al. Database of host-pathogen and related species interactions, and their global distribution. Sci. Data 2:150049 doi: 10.1038/sdata.2015.49 (2015)
EOL:974617	bacillus pumilus	Bacteria	RO:0002556	Pathogen of	EOL:585884	beta vulgaris	Higher Plants						doi: 10.1038/sdata.2015.49	Wardeh, M. et al. Database of host-pathogen and related species interactions, and their global distribution. Sci. Data 2:150049 doi: 10.1038/sdata.2015.49 (2015)
EOL:2912748	bacillus subtilis	Bacteria	RO:0002556	Pathogen of	EOL:585884	beta vulgaris	Higher Plants						doi: 10.1038/sdata.2015.49	Wardeh, M. et al. Database of host-pathogen and related species interactions, and their global distribution. Sci. Data 2:150049 doi: 10.1038/sdata.2015.49 (2015)
EOL:6382218	leuconostoc mesenteroides	Bacteria	RO:0002556	Pathogen of	EOL:585884	beta vulgaris	Higher Plants						doi: 10.1038/sdata.2015.49	Wardeh, M. et al. Database of host-pathogen and related species interactions, and their global distribution. Sci. Data 2:150049 doi: 10.1038/sdata.2015.49 (2015)
EOL:972799	pantoea agglomerans	Bacteria	RO:0002556	Pathogen of	EOL:585884	beta vulgaris	Higher Plants						doi: 10.1038/sdata.2015.49	Wardeh, M. et al. Database of host-pathogen and related species interactions, and their global distribution. Sci. Data 2:150049 doi: 10.1038/sdata.2015.49 (2015)
EOL:973024	pseudomonas fluorescens	Bacteria	RO:0002556	Pathogen of	EOL:585884	beta vulgaris	Higher Plants						doi: 10.1038/sdata.2015.49	Wardeh, M. et al. Database of host-pathogen and related species interactions, and their global distribution. Sci. Data 2:150049 doi: 10.1038/sdata.2015.49 (2015)
EOL:972688	escherichia coli	Bacteria	RO:0002556	Pathogen of	EOL:4447723	bos indicus	Domestic						doi: 10.1038/sdata.2015.49	Wardeh, M. et al. Database of host-pathogen and related species interactions, and their global distribution. Sci. Data 2:150049 doi: 10.1038/sdata.2015.49 (2015)
EOL:974653	bacillus altitudinis	Bacteria	RO:0002556	Pathogen of	EOL:328699	bos taurus	Domestic						doi: 10.1038/sdata.2015.49	Wardeh, M. et al. Database of host-pathogen and related species interactions, and their global distribution. Sci. Data 2:150049 doi: 10.1038/sdata.2015.49 (2015)
EOL:974636	bacillus anthracis	Bacteria	RO:0002556	Pathogen of	EOL:328699	bos taurus	Domestic						doi: 10.1038/sdata.2015.49	Wardeh, M. et al. Database of host-pathogen and related species interactions, and their global distribution. Sci. Data 2:150049 doi: 10.1038/sdata.2015.49 (2015)
EOL:975678	bacillus cereus	Bacteria	RO:0002556	Pathogen of	EOL:328699	bos taurus	Domestic						doi: 10.1038/sdata.2015.49	Wardeh, M. et al. Database of host-pathogen and related species interactions, and their global distribution. Sci. Data 2:150049 doi: 10.1038/sdata.2015.49 (2015)
EOL:974598	bacillus licheniformis	Bacteria	RO:0002556	Pathogen of	EOL:328699	bos taurus	Domestic						doi: 10.1038/sdata.2015.49	Wardeh, M. et al. Database of host-pathogen and related species interactions, and their global distribution. Sci. Data 2:150049 doi: 10.1038/sdata.2015.49 (2015)
EOL:974617	bacillus pumilus	Bacteria	RO:0002556	Pathogen of	EOL:328699	bos taurus	Domestic						doi: 10.1038/sdata.2015.49	Wardeh, M. et al. Database of host-pathogen and related species interactions, and their global distribution. Sci. Data 2:150049 doi: 10.1038/sdata.2015.49 (2015)
EOL:2912748	bacillus subtilis	Bacteria	RO:0002556	Pathogen of	EOL:328699	bos taurus	Domestic						doi: 10.1038/sdata.2015.49	Wardeh, M. et al. Database of host-pathogen and related species interactions, and their global distribution. Sci. Data 2:150049 doi: 10.1038/sdata.2015.49 (2015)
EOL:972688	escherichia coli	Bacteria	RO:0002556	Pathogen of	EOL:328699	bos taurus	Domestic						doi: 10.1038/sdata.2015.49	Wardeh, M. et al. Database of host-pathogen and related species interactions, and their global distribution. Sci. Data 2:150049 doi: 10.1038/sdata.2015.49 (2015)
EOL:514917	ixodes pararicinus	Arthropod	RO:0002556	Pathogen of	EOL:328699	bos taurus	Domestic						doi: 10.1038/sdata.2015.49	Wardeh, M. et al. Database of host-pathogen and related species interactions, and their global distribution. Sci. Data 2:150049 doi: 10.1038/sdata.2015.49 (2015)
EOL:972799	pantoea agglomerans	Bacteria	RO:0002556	Pathogen of	EOL:328699	bos taurus	Domestic						doi: 10.1038/sdata.2015.49	Wardeh, M. et al. Database of host-pathogen and related species interactions, and their global distribution. Sci. Data 2:150049 doi: 10.1038/sdata.2015.49 (2015)
EOL:741097	rabies virus	Virus	RO:0002556	Pathogen of	EOL:328699	bos taurus	Domestic						doi: 10.1038/sdata.2015.49	Wardeh, M. et al. Database of host-pathogen and related species interactions, and their global distribution. Sci. Data 2:150049 doi: 10.1038/sdata.2015.49 (2015)
EOL:741097	rabies virus	Virus	RO:0002556	Pathogen of	EOL:311907	bubalus bubalis	Domestic						doi: 10.1038/sdata.2015.49	Wardeh, M. et al. Database of host-pathogen and related species interactions, and their global distribution. Sci. Data 2:150049 doi: 10.1038/sdata.2015.49 (2015)
EOL:741097	rabies virus	Virus	RO:0002556	Pathogen of	EOL:344581	camelus bactrianus	Domestic						doi: 10.1038/sdata.2015.49	Wardeh, M. et al. Database of host-pathogen and related species interactions, and their global distribution. Sci. Data 2:150049 doi: 10.1038/sdata.2015.49 (2015)
EOL:972688	escherichia coli	Bacteria	RO:0002556	Pathogen of	EOL:309019	camelus dromedarius	Domestic						doi: 10.1038/sdata.2015.49	Wardeh, M. et al. Database of host-pathogen and related species interactions, and their global distribution. Sci. Data 2:150049 doi: 10.1038/sdata.2015.49 (2015)
EOL:741097	rabies virus	Virus	RO:0002556	Pathogen of	EOL:309019	camelus dromedarius	Domestic						doi: 10.1038/sdata.2015.49	Wardeh, M. et al. Database of host-pathogen and related species interactions, and their global distribution. Sci. Data 2:150049 doi: 10.1038/sdata.2015.49 (2015)
EOL:974598	bacillus licheniformis	Bacteria	RO:0002556	Pathogen of	EOL:328607	canis lupus	Mammal						doi: 10.1038/sdata.2015.49	Wardeh, M. et al. Database of host-pathogen and related species interactions, and their global distribution. Sci. Data 2:150049 doi: 10.1038/sdata.2015.49 (2015)
EOL:2912748	bacillus subtilis	Bacteria	RO:0002556	Pathogen of	EOL:328607	canis lupus	Mammal						doi: 10.1038/sdata.2015.49	Wardeh, M. et al. Database of host-pathogen and related species interactions, and their global distribution. Sci. Data 2:150049 doi: 10.1038/sdata.2015.49 (2015)
EOL:972688	escherichia coli	Bacteria	RO:0002556	Pathogen of	EOL:328607	canis lupus	Mammal						doi: 10.1038/sdata.2015.49	Wardeh, M. et al. Database of host-pathogen and related species interactions, and their global distribution. Sci. Data 2:150049 doi: 10.1038/sdata.2015.49 (2015)
EOL:540691	influenza a virus	Virus	RO:0002556	Pathogen of	EOL:328607	canis lupus	Mammal						doi: 10.1038/sdata.2015.49	Wardeh, M. et al. Database of host-pathogen and related species interactions, and their global distribution. Sci. Data 2:150049 doi: 10.1038/sdata.2015.49 (2015)
EOL:972799	pantoea agglomerans	Bacteria	RO:0002556	Pathogen of	EOL:328607	canis lupus	Mammal						doi: 10.1038/sdata.2015.49	Wardeh, M. et al. Database of host-pathogen and related species interactions, and their global distribution. Sci. Data 2:150049 doi: 10.1038/sdata.2015.49 (2015)
EOL:741097	rabies virus	Virus	RO:0002556	Pathogen of	EOL:328607	canis lupus	Mammal						doi: 10.1038/sdata.2015.49	Wardeh, M. et al. Database of host-pathogen and related species interactions, and their global distribution. Sci. Data 2:150049 doi: 10.1038/sdata.2015.49 (2015)
EOL:974636	bacillus anthracis	Bacteria	RO:0002556	Pathogen of	EOL:1228387	canis lupus familiaris	Domestic						doi: 10.1038/sdata.2015.49	Wardeh, M. et al. Database of host-pathogen and related species interactions, and their global distribution. Sci. Data 2:150049 doi: 10.1038/sdata.2015.49 (2015)
EOL:974598	bacillus licheniformis	Bacteria	RO:0002556	Pathogen of	EOL:1228387	canis lupus familiaris	Domestic						doi: 10.1038/sdata.2015.49	Wardeh, M. et al. Database of host-pathogen and related species interactions, and their global distribution. Sci. Data 2:150049 doi: 10.1038/sdata.2015.49 (2015)
EOL:2912748	bacillus subtilis	Bacteria	RO:0002556	Pathogen of	EOL:1228387	canis lupus familiaris	Domestic						doi: 10.1038/sdata.2015.49	Wardeh, M. et al. Database of host-pathogen and related species interactions, and their global distribution. Sci. Data 2:150049 doi: 10.1038/sdata.2015.49 (2015)
EOL:972688	escherichia coli	Bacteria	RO:0002556	Pathogen of	EOL:1228387	canis lupus familiaris	Domestic						doi: 10.1038/sdata.2015.49	Wardeh, M. et al. Database of host-pathogen and related species interactions, and their global distribution. Sci. Data 2:150049 doi: 10.1038/sdata.2015.49 (2015)
EOL:540691	influenza a virus	Virus	RO:0002556	Pathogen of	EOL:1228387	canis lupus familiaris	Domestic						doi: 10.1038/sdata.2015.49	Wardeh, M. et al. Database of host-pathogen and related species interactions, and their global distribution. Sci. Data 2:150049 doi: 10.1038/sdata.2015.49 (2015)
EOL:972799	pantoea agglomerans	Bacteria	RO:0002556	Pathogen of	EOL:1228387	canis lupus familiaris	Domestic						doi: 10.1038/sdata.2015.49	Wardeh, M. et al. Database of host-pathogen and related species interactions, and their global distribution. Sci. Data 2:150049 doi: 10.1038/sdata.2015.49 (2015)
EOL:741097	rabies virus	Virus	RO:0002556	Pathogen of	EOL:1228387	canis lupus familiaris	Domestic						doi: 10.1038/sdata.2015.49	Wardeh, M. et al. Database of host-pathogen and related species interactions, and their global distribution. Sci. Data 2:150049 doi: 10.1038/sdata.2015.49 (2015)
EOL:974636	bacillus anthracis	Bacteria	RO:0002556	Pathogen of	EOL:328660	capra hircus	Domestic						doi: 10.1038/sdata.2015.49	Wardeh, M. et al. Database of host-pathogen and related species interactions, and their global distribution. Sci. Data 2:150049 doi: 10.1038/sdata.2015.49 (2015)
EOL:972688	escherichia coli	Bacteria	RO:0002556	Pathogen of	EOL:328660	capra hircus	Domestic						doi: 10.1038/sdata.2015.49	Wardeh, M. et al. Database of host-pathogen and related species interactions, and their global distribution. Sci. Data 2:150049 doi: 10.1038/sdata.2015.49 (2015)
EOL:741097	rabies virus	Virus	RO:0002556	Pathogen of	EOL:328660	capra hircus	Domestic						doi: 10.1038/sdata.2015.49	Wardeh, M. et al. Database of host-pathogen and related species interactions, and their global distribution. Sci. Data 2:150049 doi: 10.1038/sdata.2015.49 (2015)
EOL:972688	escherichia coli	Bacteria	RO:0002556	Pathogen of	EOL:308479	capreolus capreolus	Domestic						doi: 10.1038/sdata.2015.49	Wardeh, M. et al. Database of host-pathogen and related species interactions, and their global distribution. Sci. Data 2:150049 doi: 10.1038/sdata.2015.49 (2015)
EOL:514939	ixodes ricinus	Arthropod	RO:0002556	Pathogen of	EOL:308479	capreolus capreolus	Mammal						doi: 10.1038/sdata.2015.49	Wardeh, M. et al. Database of host-pathogen and related species interactions, and their global distribution. Sci. Data 2:150049 doi: 10.1038/sdata.2015.49 (2015)
EOL:974653	bacillus altitudinis	Bacteria	RO:0002556	Pathogen of	EOL:581098	capsicum annuum	Higher Plants						doi: 10.1038/sdata.2015.49	Wardeh, M. et al. Database of host-pathogen and related species interactions, and their global distribution. Sci. Data 2:150049 doi: 10.1038/sdata.2015.49 (2015)
EOL:974636	bacillus anthracis	Bacteria	RO:0002556	Pathogen of	EOL:581098	capsicum annuum	Higher Plants						doi: 10.1038/sdata.2015.49	Wardeh, M. et al. Database of host-pathogen and related species interactions, and their global distribution. Sci. Data 2:150049 doi: 10.1038/sdata.2015.49 (2015)
EOL:975678	bacillus cereus	Bacteria	RO:0002556	Pathogen of	EOL:581098	capsicum annuum	Higher Plants						doi: 10.1038/sdata.2015.49	Wardeh, M. et al. Database of host-pathogen and related species interactions, and their global distribution. Sci. Data 2:150049 doi: 10.1038/sdata.2015.49 (2015)
EOL:974186	bacillus megaterium	Bacteria	RO:0002556	Pathogen of	EOL:581098	capsicum annuum	Higher Plants						doi: 10.1038/sdata.2015.49	Wardeh, M. et al. Database of host-pathogen and related species interactions, and their global distribution. Sci. Data 2:150049 doi: 10.1038/sdata.2015.49 (2015)
EOL:974617	bacillus pumilus	Bacteria	RO:0002556	Pathogen of	EOL:581098	capsicum annuum	Higher Plants						doi: 10.1038/sdata.2015.49	Wardeh, M. et al. Database of host-pathogen and related species interactions, and their global distribution. Sci. Data 2:150049 doi: 10.1038/sdata.2015.49 (2015)
EOL:975750	bacillus thuringiensis	Bacteria	RO:0002556	Pathogen of	EOL:581098	capsicum annuum	Higher Plants						doi: 10.1038/sdata.2015.49	Wardeh, M. et al. Database of host-pathogen and related species interactions, and their global distribution. Sci. Data 2:150049 doi: 10.1038/sdata.2015.49 (2015)
EOL:588056	bemisia tabaci	Arthropod	RO:0002556	Pathogen of	EOL:581098	capsicum annuum	Higher Plants						doi: 10.1038/sdata.2015.49	Wardeh, M. et al. Database of host-pathogen and related species interactions, and their global distribution. Sci. Data 2:150049 doi: 10.1038/sdata.2015.49 (2015)
EOL:11472604	colletotrichum gloeosporioides	Fungi	RO:0002556	Pathogen of	EOL:581098	capsicum annuum	Higher Plants						doi: 10.1038/sdata.2015.49	Wardeh, M. et al. Database of host-pathogen and related species interactions, and their global distribution. Sci. Data 2:150049 doi: 10.1038/sdata.2015.49 (2015)
EOL:8614788	okra yellow crinkle virus	Virus	RO:0002556	Pathogen of	EOL:581098	capsicum annuum	Higher Plants						doi: 10.1038/sdata.2015.49	Wardeh, M. et al. Database of host-pathogen and related species interactions, and their global distribution. Sci. Data 2:150049 doi: 10.1038/sdata.2015.49 (2015)
EOL:973024	pseudomonas fluorescens	Bacteria	RO:0002556	Pathogen of	EOL:581098	capsicum annuum	Higher Plants						doi: 10.1038/sdata.2015.49	Wardeh, M. et al. Database of host-pathogen and related species interactions, and their global distribution. Sci. Data 2:150049 doi: 10.1038/sdata.2015.49 (2015)
EOL:11605162	radish leaf curl virus	Virus	RO:0002556	Pathogen of	EOL:581098	capsicum annuum	Higher Plants						doi: 10.1038/sdata.2015.49	Wardeh, M. et al. Database of host-pathogen and related species interactions, and their global distribution. Sci. Data 2:150049 doi: 10.1038/sdata.2015.49 (2015)
EOL:540988	tomato leaf curl new delhi virus	Virus	RO:0002556	Pathogen of	EOL:581098	capsicum annuum	Higher Plants						doi: 10.1038/sdata.2015.49	Wardeh, M. et al. Database of host-pathogen and related species interactions, and their global distribution. Sci. Data 2:150049 doi: 10.1038/sdata.2015.49 (2015)
EOL:540981	tomato leaf curl virus	Virus	RO:0002556	Pathogen of	EOL:581098	capsicum annuum	Higher Plants						doi: 10.1038/sdata.2015.49	Wardeh, M. et al. Database of host-pathogen and related species interactions, and their global distribution. Sci. Data 2:150049 doi: 10.1038/sdata.2015.49 (2015)
EOL:972688	escherichia coli	Bacteria	RO:0002556	Pathogen of	EOL:328649	cervus elaphus	Domestic						doi: 10.1038/sdata.2015.49	Wardeh, M. et al. Database of host-pathogen and related species interactions, and their global distribution. Sci. Data 2:150049 doi: 10.1038/sdata.2015.49 (2015)
EOL:514939	ixodes ricinus	Arthropod	RO:0002556	Pathogen of	EOL:328649	cervus elaphus	Mammal						doi: 10.1038/sdata.2015.49	Wardeh, M. et al. Database of host-pathogen and related species interactions, and their global distribution. Sci. Data 2:150049 doi: 10.1038/sdata.2015.49 (2015)
EOL:972688	escherichia coli	Bacteria	RO:0002556	Pathogen of	EOL:1050069	columba livia	Domestic						doi: 10.1038/sdata.2015.49	Wardeh, M. et al. Database of host-pathogen and related species interactions, and their global distribution. Sci. Data 2:150049 doi: 10.1038/sdata.2015.49 (2015)
EOL:540691	influenza a virus	Virus	RO:0002556	Pathogen of	EOL:1050069	columba livia	Domestic						doi: 10.1038/sdata.2015.49	Wardeh, M. et al. Database of host-pathogen and related species interactions, and their global distribution. Sci. Data 2:150049 doi: 10.1038/sdata.2015.49 (2015)
EOL:514939	ixodes ricinus	Arthropod	RO:0002556	Pathogen of	EOL:313992	dama dama	Mammal						doi: 10.1038/sdata.2015.49	Wardeh, M. et al. Database of host-pathogen and related species interactions, and their global distribution. Sci. Data 2:150049 doi: 10.1038/sdata.2015.49 (2015)
EOL:974636	bacillus anthracis	Bacteria	RO:0002556	Pathogen of	EOL:328648	equus caballus	Domestic						doi: 10.1038/sdata.2015.49	Wardeh, M. et al. Database of host-pathogen and related species interactions, and their global distribution. Sci. Data 2:150049 doi: 10.1038/sdata.2015.49 (2015)
EOL:972688	escherichia coli	Bacteria	RO:0002556	Pathogen of	EOL:328648	equus caballus	Domestic						doi: 10.1038/sdata.2015.49	Wardeh, M. et al. Database of host-pathogen and related species interactions, and their global distribution. Sci. Data 2:150049 doi: 10.1038/sdata.2015.49 (2015)
EOL:540691	influenza a virus	Virus	RO:0002556	Pathogen of	EOL:328648	equus caballus	Domestic						doi: 10.1038/sdata.2015.49	Wardeh, M. et al. Database of host-pathogen and related species interactions, and their global distribution. Sci. Data 2:150049 doi: 10.1038/sdata.2015.49 (2015)
EOL:741097	rabies virus	Virus	RO:0002556	Pathogen of	EOL:328648	equus caballus	Domestic						doi: 10.1038/sdata.2015.49	Wardeh, M. et al. Database of host-pathogen and related species interactions, and their global distribution. Sci. Data 2:150049 doi: 10.1038/sdata.2015.49 (2015)
EOL:974636	bacillus anthracis	Bacteria	RO:0002556	Pathogen of	EOL:1037781	felis catus	Domestic						doi: 10.1038/sdata.2015.49	Wardeh, M. et al. Database of host-pathogen and related species interactions, and their global distribution. Sci. Data 2:150049 doi: 10.1038/sdata.2015.49 (2015)
EOL:972688	escherichia coli	Bacteria	RO:0002556	Pathogen of	EOL:1037781	felis catus	Domestic						doi: 10.1038/sdata.2015.49	Wardeh, M. et al. Database of host-pathogen and related species interactions, and their global distribution. Sci. Data 2:150049 doi: 10.1038/sdata.2015.49 (2015)
EOL:196148	fusarium proliferatum	Fungi	RO:0002556	Pathogen of	EOL:1037781	felis catus	Domestic						doi: 10.1038/sdata.2015.49	Wardeh, M. et al. Database of host-pathogen and related species interactions, and their global distribution. Sci. Data 2:150049 doi: 10.1038/sdata.2015.49 (2015)
EOL:540691	influenza a virus	Virus	RO:0002556	Pathogen of	EOL:1037781	felis catus	Domestic						doi: 10.1038/sdata.2015.49	Wardeh, M. et al. Database of host-pathogen and related species interactions, and their global distribution. Sci. Data 2:150049 doi: 10.1038/sdata.2015.49 (2015)
EOL:741097	rabies virus	Virus	RO:0002556	Pathogen of	EOL:1037781	felis catus	Domestic						doi: 10.1038/sdata.2015.49	Wardeh, M. et al. Database of host-pathogen and related species interactions, and their global distribution. Sci. Data 2:150049 doi: 10.1038/sdata.2015.49 (2015)
EOL:974617	bacillus pumilus	Bacteria	RO:0002556	Pathogen of	EOL:1049263	gallus gallus	Domestic						doi: 10.1038/sdata.2015.49	Wardeh, M. et al. Database of host-pathogen and related species interactions, and their global distribution. Sci. Data 2:150049 doi: 10.1038/sdata.2015.49 (2015)
EOL:2912748	bacillus subtilis	Bacteria	RO:0002556	Pathogen of	EOL:1049263	gallus gallus	Domestic						doi: 10.1038/sdata.2015.49	Wardeh, M. et al. Database of host-pathogen and related species interactions, and their global distribution. Sci. Data 2:150049 doi: 10.1038/sdata.2015.49 (2015)
EOL:972688	escherichia coli	Bacteria	RO:0002556	Pathogen of	EOL:1049263	gallus gallus	Domestic						doi: 10.1038/sdata.2015.49	Wardeh, M. et al. Database of host-pathogen and related species interactions, and their global distribution. Sci. Data 2:150049 doi: 10.1038/sdata.2015.49 (2015)
EOL:540691	influenza a virus	Virus	RO:0002556	Pathogen of	EOL:1049263	gallus gallus	Domestic						doi: 10.1038/sdata.2015.49	Wardeh, M. et al. Database of host-pathogen and related species interactions, and their global distribution. Sci. Data 2:150049 doi: 10.1038/sdata.2015.49 (2015)
EOL:592868	acanthamoeba astronyxis	Protozoa	RO:0002556	Pathogen of	EOL:327955	homo sapiens	Human						doi: 10.1038/sdata.2015.49	Wardeh, M. et al. Database of host-pathogen and related species interactions, and their global distribution. Sci. Data 2:150049 doi: 10.1038/sdata.2015.49 (2015)
EOL:740905	andes virus	Virus	RO:0002556	Pathogen of	EOL:327955	homo sapiens	Human						doi: 10.1038/sdata.2015.49	Wardeh, M. et al. Database of host-pathogen and related species interactions, and their global distribution. Sci. Data 2:150049 doi: 10.1038/sdata.2015.49 (2015)
EOL:974636	bacillus anthracis	Bacteria	RO:0002556	Pathogen of	EOL:327955	homo sapiens	Human						doi: 10.1038/sdata.2015.49	Wardeh, M. et al. Database of host-pathogen and related species interactions, and their global distribution. Sci. Data 2:150049 doi: 10.1038/sdata.2015.49 (2015)
EOL:975678	bacillus cereus	Bacteria	RO:0002556	Pathogen of	EOL:327955	homo sapiens	Human						doi: 10.1038/sdata.2015.49	Wardeh, M. et al. Database of host-pathogen and related species interactions, and their global distribution. Sci. Data 2:150049 doi: 10.1038/sdata.2015.49 (2015)
EOL:974598	bacillus licheniformis	Bacteria	RO:0002556	Pathogen of	EOL:327955	homo sapiens	Human						doi: 10.1038/sdata.2015.49	Wardeh, M. et al. Database of host-pathogen and related species interactions, and their global distribution. Sci. Data 2:150049 doi: 10.1038/sdata.2015.49 (2015)
EOL:974186	bacillus megaterium	Bacteria	RO:0002556	Pathogen of	EOL:327955	homo sapiens	Human						doi: 10.1038/sdata.2015.49	Wardeh, M. et al. Database of host-pathogen and related species interactions, and their global distribution. Sci. Data 2:150049 doi: 10.1038/sdata.2015.49 (2015)
EOL:974617	bacillus pumilus	Bacteria	RO:0002556	Pathogen of	EOL:327955	homo sapiens	Human						doi: 10.1038/sdata.2015.49	Wardeh, M. et al. Database of host-pathogen and related species interactions, and their global distribution. Sci. Data 2:150049 doi: 10.1038/sdata.2015.49 (2015)
EOL:2912748	bacillus subtilis	Bacteria	RO:0002556	Pathogen of	EOL:327955	homo sapiens	Human						doi: 10.1038/sdata.2015.49	Wardeh, M. et al. Database of host-pathogen and related species interactions, and their global distribution. Sci. Data 2:150049 doi: 10.1038/sdata.2015.49 (2015)
EOL:975750	bacillus thuringiensis	Bacteria	RO:0002556	Pathogen of	EOL:327955	homo sapiens	Human						doi: 10.1038/sdata.2015.49	Wardeh, M. et al. Database of host-pathogen and related species interactions, and their global distribution. Sci. Data 2:150049 doi: 10.1038/sdata.2015.49 (2015)
EOL:4968465	bothriocephalus acheilognathi	Helminth	RO:0002556	Pathogen of	EOL:327955	homo sapiens	Human						doi: 10.1038/sdata.2015.49	Wardeh, M. et al. Database of host-pathogen and related species interactions, and their global distribution. Sci. Data 2:150049 doi: 10.1038/sdata.2015.49 (2015)
EOL:11472604	colletotrichum gloeosporioides	Fungi	RO:0002556	Pathogen of	EOL:327955	homo sapiens	Human						doi: 10.1038/sdata.2015.49	Wardeh, M. et al. Database of host-pathogen and related species interactions, and their global distribution. Sci. Data 2:150049 doi: 10.1038/sdata.2015.49 (2015)
EOL:972688	escherichia coli	Bacteria	RO:0002556	Pathogen of	EOL:327955	homo sapiens	Human						doi: 10.1038/sdata.2015.49	Wardeh, M. et al. Database of host-pathogen and related species interactions, and their global distribution. Sci. Data 2:150049 doi: 10.1038/sdata.2015.49 (2015)
EOL:196148	fusarium proliferatum	Fungi	RO:0002556	Pathogen of	EOL:327955	homo sapiens	Human						doi: 10.1038/sdata.2015.49	Wardeh, M. et al. Database of host-pathogen and related species interactions, and their global distribution. Sci. Data 2:150049 doi: 10.1038/sdata.2015.49 (2015)
EOL:540691	influenza a virus	Virus	RO:0002556	Pathogen of	EOL:327955	homo sapiens	Human						doi: 10.1038/sdata.2015.49	Wardeh, M. et al. Database of host-pathogen and related species interactions, and their global distribution. Sci. Data 2:150049 doi: 10.1038/sdata.2015.49 (2015)
EOL:972799	pantoea agglomerans	Bacteria	RO:0002556	Pathogen of	EOL:327955	homo sapiens	Human						doi: 10.1038/sdata.2015.49	Wardeh, M. et al. Database of host-pathogen and related species interactions, and their global distribution. Sci. Data 2:150049 doi: 10.1038/sdata.2015.49 (2015)
EOL:11681322	pantoea brenneri	Bacteria	RO:0002556	Pathogen of	EOL:327955	homo sapiens	Human						doi: 10.1038/sdata.2015.49	Wardeh, M. et al. Database of host-pathogen and related species interactions, and their global distribution. Sci. Data 2:150049 doi: 10.1038/sdata.2015.49 (2015)
EOL:11681324	pantoea conspicua	Bacteria	RO:0002556	Pathogen of	EOL:327955	homo sapiens	Human						doi: 10.1038/sdata.2015.49	Wardeh, M. et al. Database of host-pathogen and related species interactions, and their global distribution. Sci. Data 2:150049 doi: 10.1038/sdata.2015.49 (2015)
EOL:11681321	pantoea eucrina	Bacteria	RO:0002556	Pathogen of	EOL:327955	homo sapiens	Human						doi: 10.1038/sdata.2015.49	Wardeh, M. et al. Database of host-pathogen and related species interactions, and their global distribution. Sci. Data 2:150049 doi: 10.1038/sdata.2015.49 (2015)
EOL:11681323	pantoea septica	Bacteria	RO:0002556	Pathogen of	EOL:327955	homo sapiens	Human						doi: 10.1038/sdata.2015.49	Wardeh, M. et al. Database of host-pathogen and related species interactions, and their global distribution. Sci. Data 2:150049 doi: 10.1038/sdata.2015.49 (2015)
EOL:973024	pseudomonas fluorescens	Bacteria	RO:0002556	Pathogen of	EOL:327955	homo sapiens	Human						doi: 10.1038/sdata.2015.49	Wardeh, M. et al. Database of host-pathogen and related species interactions, and their global distribution. Sci. Data 2:150049 doi: 10.1038/sdata.2015.49 (2015)
EOL:741097	rabies virus	Virus	RO:0002556	Pathogen of	EOL:327955	homo sapiens	Human						doi: 10.1038/sdata.2015.49	Wardeh, M. et al. Database of host-pathogen and related species interactions, and their global distribution. Sci. Data 2:150049 doi: 10.1038/sdata.2015.49 (2015)
EOL:2912748	bacillus subtilis	Bacteria	RO:0002556	Pathogen of	EOL:328450	mus musculus	Domestic						doi: 10.1038/sdata.2015.49	Wardeh, M. et al. Database of host-pathogen and related species interactions, and their global distribution. Sci. Data 2:150049 doi: 10.1038/sdata.2015.49 (2015)
EOL:972688	escherichia coli	Bacteria	RO:0002556	Pathogen of	EOL:328450	mus musculus	Domestic						doi: 10.1038/sdata.2015.49	Wardeh, M. et al. Database of host-pathogen and related species interactions, and their global distribution. Sci. Data 2:150049 doi: 10.1038/sdata.2015.49 (2015)
EOL:540691	influenza a virus	Virus	RO:0002556	Pathogen of	EOL:328450	mus musculus	Domestic						doi: 10.1038/sdata.2015.49	Wardeh, M. et al. Database of host-pathogen and related species interactions, and their global distribution. Sci. Data 2:150049 doi: 10.1038/sdata.2015.49 (2015)
EOL:514949	ixodes scapularis	Arthropod	RO:0002556	Pathogen of	EOL:328450	mus musculus	Domestic						doi: 10.1038/sdata.2015.49	Wardeh, M. et al. Database of host-pathogen and related species interactions, and their global distribution. Sci. Data 2:150049 doi: 10.1038/sdata.2015.49 (2015)
EOL:741097	rabies virus	Virus	RO:0002556	Pathogen of	EOL:328450	mus musculus	Domestic						doi: 10.1038/sdata.2015.49	Wardeh, M. et al. Database of host-pathogen and related species interactions, and their global distribution. Sci. Data 2:150049 doi: 10.1038/sdata.2015.49 (2015)
EOL:974636	bacillus anthracis	Bacteria	RO:0002556	Pathogen of	EOL:311906	ovis aries	Domestic						doi: 10.1038/sdata.2015.49	Wardeh, M. et al. Database of host-pathogen and related species interactions, and their global distribution. Sci. Data 2:150049 doi: 10.1038/sdata.2015.49 (2015)
EOL:974598	bacillus licheniformis	Bacteria	RO:0002556	Pathogen of	EOL:311906	ovis aries	Domestic						doi: 10.1038/sdata.2015.49	Wardeh, M. et al. Database of host-pathogen and related species interactions, and their global distribution. Sci. Data 2:150049 doi: 10.1038/sdata.2015.49 (2015)
EOL:972688	escherichia coli	Bacteria	RO:0002556	Pathogen of	EOL:311906	ovis aries	Domestic						doi: 10.1038/sdata.2015.49	Wardeh, M. et al. Database of host-pathogen and related species interactions, and their global distribution. Sci. Data 2:150049 doi: 10.1038/sdata.2015.49 (2015)
EOL:972799	pantoea agglomerans	Bacteria	RO:0002556	Pathogen of	EOL:311906	ovis aries	Domestic						doi: 10.1038/sdata.2015.49	Wardeh, M. et al. Database of host-pathogen and related species interactions, and their global distribution. Sci. Data 2:150049 doi: 10.1038/sdata.2015.49 (2015)
EOL:741097	rabies virus	Virus	RO:0002556	Pathogen of	EOL:311906	ovis aries	Domestic						doi: 10.1038/sdata.2015.49	Wardeh, M. et al. Database of host-pathogen and related species interactions, and their global distribution. Sci. Data 2:150049 doi: 10.1038/sdata.2015.49 (2015)
EOL:975678	bacillus cereus	Bacteria	RO:0002556	Pathogen of	EOL:2903785	paeonia ostii	Higher Plants						doi: 10.1038/sdata.2015.49	Wardeh, M. et al. Database of host-pathogen and related species interactions, and their global distribution. Sci. Data 2:150049 doi: 10.1038/sdata.2015.49 (2015)
EOL:974617	bacillus pumilus	Bacteria	RO:0002556	Pathogen of	EOL:2903785	paeonia ostii	Higher Plants						doi: 10.1038/sdata.2015.49	Wardeh, M. et al. Database of host-pathogen and related species interactions, and their global distribution. Sci. Data 2:150049 doi: 10.1038/sdata.2015.49 (2015)
EOL:974651	bacillus amyloliquefaciens	Bacteria	RO:0002556	Pathogen of	EOL:645324	phaseolus vulgaris	Higher Plants						doi: 10.1038/sdata.2015.49	Wardeh, M. et al. Database of host-pathogen and related species interactions, and their global distribution. Sci. Data 2:150049 doi: 10.1038/sdata.2015.49 (2015)
EOL:975678	bacillus cereus	Bacteria	RO:0002556	Pathogen of	EOL:645324	phaseolus vulgaris	Higher Plants						doi: 10.1038/sdata.2015.49	Wardeh, M. et al. Database of host-pathogen and related species interactions, and their global distribution. Sci. Data 2:150049 doi: 10.1038/sdata.2015.49 (2015)
EOL:974186	bacillus megaterium	Bacteria	RO:0002556	Pathogen of	EOL:645324	phaseolus vulgaris	Higher Plants						doi: 10.1038/sdata.2015.49	Wardeh, M. et al. Database of host-pathogen and related species interactions, and their global distribution. Sci. Data 2:150049 doi: 10.1038/sdata.2015.49 (2015)
EOL:974617	bacillus pumilus	Bacteria	RO:0002556	Pathogen of	EOL:645324	phaseolus vulgaris	Higher Plants						doi: 10.1038/sdata.2015.49	Wardeh, M. et al. Database of host-pathogen and related species interactions, and their global distribution. Sci. Data 2:150049 doi: 10.1038/sdata.2015.49 (2015)
EOL:2912748	bacillus subtilis	Bacteria	RO:0002556	Pathogen of	EOL:645324	phaseolus vulgaris	Higher Plants						doi: 10.1038/sdata.2015.49	Wardeh, M. et al. Database of host-pathogen and related species interactions, and their global distribution. Sci. Data 2:150049 doi: 10.1038/sdata.2015.49 (2015)
EOL:975750	bacillus thuringiensis	Bacteria	RO:0002556	Pathogen of	EOL:645324	phaseolus vulgaris	Higher Plants						doi: 10.1038/sdata.2015.49	Wardeh, M. et al. Database of host-pathogen and related species interactions, and their global distribution. Sci. Data 2:150049 doi: 10.1038/sdata.2015.49 (2015)
EOL:588056	bemisia tabaci	Arthropod	RO:0002556	Pathogen of	EOL:645324	phaseolus vulgaris	Higher Plants						doi: 10.1038/sdata.2015.49	Wardeh, M. et al. Database of host-pathogen and related species interactions, and their global distribution. Sci. Data 2:150049 doi: 10.1038/sdata.2015.49 (2015)
EOL:972799	pantoea agglomerans	Bacteria	RO:0002556	Pathogen of	EOL:645324	phaseolus vulgaris	Higher Plants						doi: 10.1038/sdata.2015.49	Wardeh, M. et al. Database of host-pathogen and related species interactions, and their global distribution. Sci. Data 2:150049 doi: 10.1038/sdata.2015.49 (2015)
EOL:975678	bacillus cereus	Bacteria	RO:0002556	Pathogen of	EOL:392557	solanum lycopersicum	Higher Plants						doi: 10.1038/sdata.2015.49	Wardeh, M. et al. Database of host-pathogen and related species interactions, and their global distribution. Sci. Data 2:150049 doi: 10.1038/sdata.2015.49 (2015)
EOL:974617	bacillus pumilus	Bacteria	RO:0002556	Pathogen of	EOL:392557	solanum lycopersicum	Higher Plants						doi: 10.1038/sdata.2015.49	Wardeh, M. et al. Database of host-pathogen and related species interactions, and their global distribution. Sci. Data 2:150049 doi: 10.1038/sdata.2015.49 (2015)
EOL:2912748	bacillus subtilis	Bacteria	RO:0002556	Pathogen of	EOL:392557	solanum lycopersicum	Higher Plants						doi: 10.1038/sdata.2015.49	Wardeh, M. et al. Database of host-pathogen and related species interactions, and their global distribution. Sci. Data 2:150049 doi: 10.1038/sdata.2015.49 (2015)
EOL:588056	bemisia tabaci	Arthropod	RO:0002556	Pathogen of	EOL:392557	solanum lycopersicum	Higher Plants						doi: 10.1038/sdata.2015.49	Wardeh, M. et al. Database of host-pathogen and related species interactions, and their global distribution. Sci. Data 2:150049 doi: 10.1038/sdata.2015.49 (2015)
EOL:11472604	colletotrichum gloeosporioides	Fungi	RO:0002556	Pathogen of	EOL:392557	solanum lycopersicum	Higher Plants						doi: 10.1038/sdata.2015.49	Wardeh, M. et al. Database of host-pathogen and related species interactions, and their global distribution. Sci. Data 2:150049 doi: 10.1038/sdata.2015.49 (2015)
EOL:196148	fusarium proliferatum	Fungi	RO:0002556	Pathogen of	EOL:392557	solanum lycopersicum	Higher Plants						doi: 10.1038/sdata.2015.49	Wardeh, M. et al. Database of host-pathogen and related species interactions, and their global distribution. Sci. Data 2:150049 doi: 10.1038/sdata.2015.49 (2015)
EOL:6382218	leuconostoc mesenteroides	Bacteria	RO:0002556	Pathogen of	EOL:392557	solanum lycopersicum	Higher Plants						doi: 10.1038/sdata.2015.49	Wardeh, M. et al. Database of host-pathogen and related species interactions, and their global distribution. Sci. Data 2:150049 doi: 10.1038/sdata.2015.49 (2015)
EOL:972799	pantoea agglomerans	Bacteria	RO:0002556	Pathogen of	EOL:392557	solanum lycopersicum	Higher Plants						doi: 10.1038/sdata.2015.49	Wardeh, M. et al. Database of host-pathogen and related species interactions, and their global distribution. Sci. Data 2:150049 doi: 10.1038/sdata.2015.49 (2015)
EOL:6375641	pectobacterium carotovorum	Bacteria	RO:0002556	Pathogen of	EOL:392557	solanum lycopersicum	Higher Plants						doi: 10.1038/sdata.2015.49	Wardeh, M. et al. Database of host-pathogen and related species interactions, and their global distribution. Sci. Data 2:150049 doi: 10.1038/sdata.2015.49 (2015)
EOL:973024	pseudomonas fluorescens	Bacteria	RO:0002556	Pathogen of	EOL:392557	solanum lycopersicum	Higher Plants						doi: 10.1038/sdata.2015.49	Wardeh, M. et al. Database of host-pathogen and related species interactions, and their global distribution. Sci. Data 2:150049 doi: 10.1038/sdata.2015.49 (2015)
EOL:540988	tomato leaf curl new delhi virus	Virus	RO:0002556	Pathogen of	EOL:392557	solanum lycopersicum	Higher Plants						doi: 10.1038/sdata.2015.49	Wardeh, M. et al. Database of host-pathogen and related species interactions, and their global distribution. Sci. Data 2:150049 doi: 10.1038/sdata.2015.49 (2015)
EOL:540981	tomato leaf curl virus	Virus	RO:0002556	Pathogen of	EOL:392557	solanum lycopersicum	Higher Plants						doi: 10.1038/sdata.2015.49	Wardeh, M. et al. Database of host-pathogen and related species interactions, and their global distribution. Sci. Data 2:150049 doi: 10.1038/sdata.2015.49 (2015)
EOL:974651	bacillus amyloliquefaciens	Bacteria	RO:0002556	Pathogen of	EOL:482935	solanum tuberosum	Higher Plants						doi: 10.1038/sdata.2015.49	Wardeh, M. et al. Database of host-pathogen and related species interactions, and their global distribution. Sci. Data 2:150049 doi: 10.1038/sdata.2015.49 (2015)
EOL:974636	bacillus anthracis	Bacteria	RO:0002556	Pathogen of	EOL:482935	solanum tuberosum	Higher Plants						doi: 10.1038/sdata.2015.49	Wardeh, M. et al. Database of host-pathogen and related species interactions, and their global distribution. Sci. Data 2:150049 doi: 10.1038/sdata.2015.49 (2015)
EOL:975678	bacillus cereus	Bacteria	RO:0002556	Pathogen of	EOL:482935	solanum tuberosum	Higher Plants						doi: 10.1038/sdata.2015.49	Wardeh, M. et al. Database of host-pathogen and related species interactions, and their global distribution. Sci. Data 2:150049 doi: 10.1038/sdata.2015.49 (2015)
EOL:974617	bacillus pumilus	Bacteria	RO:0002556	Pathogen of	EOL:482935	solanum tuberosum	Higher Plants						doi: 10.1038/sdata.2015.49	Wardeh, M. et al. Database of host-pathogen and related species interactions, and their global distribution. Sci. Data 2:150049 doi: 10.1038/sdata.2015.49 (2015)
EOL:2912748	bacillus subtilis	Bacteria	RO:0002556	Pathogen of	EOL:482935	solanum tuberosum	Higher Plants						doi: 10.1038/sdata.2015.49	Wardeh, M. et al. Database of host-pathogen and related species interactions, and their global distribution. Sci. Data 2:150049 doi: 10.1038/sdata.2015.49 (2015)
EOL:588056	bemisia tabaci	Arthropod	RO:0002556	Pathogen of	EOL:482935	solanum tuberosum	Higher Plants						doi: 10.1038/sdata.2015.49	Wardeh, M. et al. Database of host-pathogen and related species interactions, and their global distribution. Sci. Data 2:150049 doi: 10.1038/sdata.2015.49 (2015)
EOL:11472604	colletotrichum gloeosporioides	Fungi	RO:0002556	Pathogen of	EOL:482935	solanum tuberosum	Higher Plants						doi: 10.1038/sdata.2015.49	Wardeh, M. et al. Database of host-pathogen and related species interactions, and their global distribution. Sci. Data 2:150049 doi: 10.1038/sdata.2015.49 (2015)
EOL:6375641	pectobacterium carotovorum	Bacteria	RO:0002556	Pathogen of	EOL:482935	solanum tuberosum	Higher Plants						doi: 10.1038/sdata.2015.49	Wardeh, M. et al. Database of host-pathogen and related species interactions, and their global distribution. Sci. Data 2:150049 doi: 10.1038/sdata.2015.49 (2015)
EOL:973024	pseudomonas fluorescens	Bacteria	RO:0002556	Pathogen of	EOL:482935	solanum tuberosum	Higher Plants						doi: 10.1038/sdata.2015.49	Wardeh, M. et al. Database of host-pathogen and related species interactions, and their global distribution. Sci. Data 2:150049 doi: 10.1038/sdata.2015.49 (2015)
EOL:540988	tomato leaf curl new delhi virus	Virus	RO:0002556	Pathogen of	EOL:482935	solanum tuberosum	Higher Plants						doi: 10.1038/sdata.2015.49	Wardeh, M. et al. Database of host-pathogen and related species interactions, and their global distribution. Sci. Data 2:150049 doi: 10.1038/sdata.2015.49 (2015)
EOL:972688	escherichia coli	Bacteria	RO:0002556	Pathogen of	EOL:1178371	struthio camelus	Domestic						doi: 10.1038/sdata.2015.49	Wardeh, M. et al. Database of host-pathogen and related species interactions, and their global distribution. Sci. Data 2:150049 doi: 10.1038/sdata.2015.49 (2015)
EOL:540691	influenza a virus	Virus	RO:0002556	Pathogen of	EOL:1178371	struthio camelus	Domestic						doi: 10.1038/sdata.2015.49	Wardeh, M. et al. Database of host-pathogen and related species interactions, and their global distribution. Sci. Data 2:150049 doi: 10.1038/sdata.2015.49 (2015)
EOL:974651	bacillus amyloliquefaciens	Bacteria	RO:0002556	Pathogen of	EOL:328663	sus scrofa	Domestic						doi: 10.1038/sdata.2015.49	Wardeh, M. et al. Database of host-pathogen and related species interactions, and their global distribution. Sci. Data 2:150049 doi: 10.1038/sdata.2015.49 (2015)
EOL:974636	bacillus anthracis	Bacteria	RO:0002556	Pathogen of	EOL:328663	sus scrofa	Domestic						doi: 10.1038/sdata.2015.49	Wardeh, M. et al. Database of host-pathogen and related species interactions, and their global distribution. Sci. Data 2:150049 doi: 10.1038/sdata.2015.49 (2015)
EOL:975678	bacillus cereus	Bacteria	RO:0002556	Pathogen of	EOL:328663	sus scrofa	Domestic						doi: 10.1038/sdata.2015.49	Wardeh, M. et al. Database of host-pathogen and related species interactions, and their global distribution. Sci. Data 2:150049 doi: 10.1038/sdata.2015.49 (2015)
EOL:972688	escherichia coli	Bacteria	RO:0002556	Pathogen of	EOL:328663	sus scrofa	Domestic						doi: 10.1038/sdata.2015.49	Wardeh, M. et al. Database of host-pathogen and related species interactions, and their global distribution. Sci. Data 2:150049 doi: 10.1038/sdata.2015.49 (2015)
EOL:540691	influenza a virus	Virus	RO:0002556	Pathogen of	EOL:328663	sus scrofa	Domestic						doi: 10.1038/sdata.2015.49	Wardeh, M. et al. Database of host-pathogen and related species interactions, and their global distribution. Sci. Data 2:150049 doi: 10.1038/sdata.2015.49 (2015)
EOL:972799	pantoea agglomerans	Bacteria	RO:0002556	Pathogen of	EOL:328663	sus scrofa	Domestic						doi: 10.1038/sdata.2015.49	Wardeh, M. et al. Database of host-pathogen and related species interactions, and their global distribution. Sci. Data 2:150049 doi: 10.1038/sdata.2015.49 (2015)
EOL:741097	rabies virus	Virus	RO:0002556	Pathogen of	EOL:328663	sus scrofa	Domestic						doi: 10.1038/sdata.2015.49	Wardeh, M. et al. Database of host-pathogen and related species interactions, and their global distribution. Sci. Data 2:150049 doi: 10.1038/sdata.2015.49 (2015)
EOL:974636	bacillus anthracis	Bacteria	RO:0002556	Pathogen of	EOL:4445650	sus scrofa domesticus	Domestic						doi: 10.1038/sdata.2015.49	Wardeh, M. et al. Database of host-pathogen and related species interactions, and their global distribution. Sci. Data 2:150049 doi: 10.1038/sdata.2015.49 (2015)
EOL:972688	escherichia coli	Bacteria	RO:0002556	Pathogen of	EOL:4445650	sus scrofa domesticus	Domestic						doi: 10.1038/sdata.2015.49	Wardeh, M. et al. Database of host-pathogen and related species interactions, and their global distribution. Sci. Data 2:150049 doi: 10.1038/sdata.2015.49 (2015)
EOL:540691	influenza a virus	Virus	RO:0002556	Pathogen of	EOL:4445650	sus scrofa domesticus	Domestic						doi: 10.1038/sdata.2015.49	Wardeh, M. et al. Database of host-pathogen and related species interactions, and their global distribution. Sci. Data 2:150049 doi: 10.1038/sdata.2015.49 (2015)
EOL:972799	pantoea agglomerans	Bacteria	RO:0002556	Pathogen of	EOL:4445650	sus scrofa domesticus	Domestic						doi: 10.1038/sdata.2015.49	Wardeh, M. et al. Database of host-pathogen and related species interactions, and their global distribution. Sci. Data 2:150049 doi: 10.1038/sdata.2015.49 (2015)
EOL:741097	rabies virus	Virus	RO:0002556	Pathogen of	EOL:4445650	sus scrofa domesticus	Domestic						doi: 10.1038/sdata.2015.49	Wardeh, M. et al. Database of host-pathogen and related species interactions, and their global distribution. Sci. Data 2:150049 doi: 10.1038/sdata.2015.49 (2015)
EOL:974653	bacillus altitudinis	Bacteria	RO:0002556	Pathogen of	EOL:582304	vitis vinifera	Higher Plants						doi: 10.1038/sdata.2015.49	Wardeh, M. et al. Database of host-pathogen and related species interactions, and their global distribution. Sci. Data 2:150049 doi: 10.1038/sdata.2015.49 (2015)
EOL:974186	bacillus megaterium	Bacteria	RO:0002556	Pathogen of	EOL:582304	vitis vinifera	Higher Plants						doi: 10.1038/sdata.2015.49	Wardeh, M. et al. Database of host-pathogen and related species interactions, and their global distribution. Sci. Data 2:150049 doi: 10.1038/sdata.2015.49 (2015)
EOL:974617	bacillus pumilus	Bacteria	RO:0002556	Pathogen of	EOL:582304	vitis vinifera	Higher Plants						doi: 10.1038/sdata.2015.49	Wardeh, M. et al. Database of host-pathogen and related species interactions, and their global distribution. Sci. Data 2:150049 doi: 10.1038/sdata.2015.49 (2015)
EOL:2912748	bacillus subtilis	Bacteria	RO:0002556	Pathogen of	EOL:582304	vitis vinifera	Higher Plants						doi: 10.1038/sdata.2015.49	Wardeh, M. et al. Database of host-pathogen and related species interactions, and their global distribution. Sci. Data 2:150049 doi: 10.1038/sdata.2015.49 (2015)
EOL:975750	bacillus thuringiensis	Bacteria	RO:0002556	Pathogen of	EOL:582304	vitis vinifera	Higher Plants						doi: 10.1038/sdata.2015.49	Wardeh, M. et al. Database of host-pathogen and related species interactions, and their global distribution. Sci. Data 2:150049 doi: 10.1038/sdata.2015.49 (2015)
EOL:11472604	colletotrichum gloeosporioides	Fungi	RO:0002556	Pathogen of	EOL:582304	vitis vinifera	Higher Plants						doi: 10.1038/sdata.2015.49	Wardeh, M. et al. Database of host-pathogen and related species interactions, and their global distribution. Sci. Data 2:150049 doi: 10.1038/sdata.2015.49 (2015)
EOL:196148	fusarium proliferatum	Fungi	RO:0002556	Pathogen of	EOL:582304	vitis vinifera	Higher Plants						doi: 10.1038/sdata.2015.49	Wardeh, M. et al. Database of host-pathogen and related species interactions, and their global distribution. Sci. Data 2:150049 doi: 10.1038/sdata.2015.49 (2015)
EOL:972799	pantoea agglomerans	Bacteria	RO:0002556	Pathogen of	EOL:582304	vitis vinifera	Higher Plants						doi: 10.1038/sdata.2015.49	Wardeh, M. et al. Database of host-pathogen and related species interactions, and their global distribution. Sci. Data 2:150049 doi: 10.1038/sdata.2015.49 (2015)
EOL:972802	pantoea ananatis	Bacteria	RO:0002556	Pathogen of	EOL:582304	vitis vinifera	Higher Plants						doi: 10.1038/sdata.2015.49	Wardeh, M. et al. Database of host-pathogen and related species interactions, and their global distribution. Sci. Data 2:150049 doi: 10.1038/sdata.2015.49 (2015)
EOL:514856	ixodes hexagonus	Arthropod	RO:0002556	Pathogen of	EOL:328609	vulpes vulpes	Mammal						doi: 10.1038/sdata.2015.49	Wardeh, M. et al. Database of host-pathogen and related species interactions, and their global distribution. Sci. Data 2:150049 doi: 10.1038/sdata.2015.49 (2015)
EOL:514939	ixodes ricinus	Arthropod	RO:0002556	Pathogen of	EOL:328609	vulpes vulpes	Mammal						doi: 10.1038/sdata.2015.49	Wardeh, M. et al. Database of host-pathogen and related species interactions, and their global distribution. Sci. Data 2:150049 doi: 10.1038/sdata.2015.49 (2015)
EOL:741097	rabies virus	Virus	RO:0002556	Pathogen of	EOL:328609	vulpes vulpes	Mammal						doi: 10.1038/sdata.2015.49	Wardeh, M. et al. Database of host-pathogen and related species interactions, and their global distribution. Sci. Data 2:150049 doi: 10.1038/sdata.2015.49 (2015)
EOL:974653	bacillus altitudinis	Bacteria	RO:0002556	Pathogen of	EOL:1115259	zea mays	Higher Plants						doi: 10.1038/sdata.2015.49	Wardeh, M. et al. Database of host-pathogen and related species interactions, and their global distribution. Sci. Data 2:150049 doi: 10.1038/sdata.2015.49 (2015)
EOL:974651	bacillus amyloliquefaciens	Bacteria	RO:0002556	Pathogen of	EOL:1115259	zea mays	Higher Plants						doi: 10.1038/sdata.2015.49	Wardeh, M. et al. Database of host-pathogen and related species interactions, and their global distribution. Sci. Data 2:150049 doi: 10.1038/sdata.2015.49 (2015)
EOL:974636	bacillus anthracis	Bacteria	RO:0002556	Pathogen of	EOL:1115259	zea mays	Higher Plants						doi: 10.1038/sdata.2015.49	Wardeh, M. et al. Database of host-pathogen and related species interactions, and their global distribution. Sci. Data 2:150049 doi: 10.1038/sdata.2015.49 (2015)
EOL:975678	bacillus cereus	Bacteria	RO:0002556	Pathogen of	EOL:1115259	zea mays	Higher Plants						doi: 10.1038/sdata.2015.49	Wardeh, M. et al. Database of host-pathogen and related species interactions, and their global distribution. Sci. Data 2:150049 doi: 10.1038/sdata.2015.49 (2015)
EOL:974598	bacillus licheniformis	Bacteria	RO:0002556	Pathogen of	EOL:1115259	zea mays	Higher Plants						doi: 10.1038/sdata.2015.49	Wardeh, M. et al. Database of host-pathogen and related species interactions, and their global distribution. Sci. Data 2:150049 doi: 10.1038/sdata.2015.49 (2015)
EOL:974186	bacillus megaterium	Bacteria	RO:0002556	Pathogen of	EOL:1115259	zea mays	Higher Plants						doi: 10.1038/sdata.2015.49	Wardeh, M. et al. Database of host-pathogen and related species interactions, and their global distribution. Sci. Data 2:150049 doi: 10.1038/sdata.2015.49 (2015)
EOL:974617	bacillus pumilus	Bacteria	RO:0002556	Pathogen of	EOL:1115259	zea mays	Higher Plants						doi: 10.1038/sdata.2015.49	Wardeh, M. et al. Database of host-pathogen and related species interactions, and their global distribution. Sci. Data 2:150049 doi: 10.1038/sdata.2015.49 (2015)
EOL:2912748	bacillus subtilis	Bacteria	RO:0002556	Pathogen of	EOL:1115259	zea mays	Higher Plants						doi: 10.1038/sdata.2015.49	Wardeh, M. et al. Database of host-pathogen and related species interactions, and their global distribution. Sci. Data 2:150049 doi: 10.1038/sdata.2015.49 (2015)
EOL:975750	bacillus thuringiensis	Bacteria	RO:0002556	Pathogen of	EOL:1115259	zea mays	Higher Plants						doi: 10.1038/sdata.2015.49	Wardeh, M. et al. Database of host-pathogen and related species interactions, and their global distribution. Sci. Data 2:150049 doi: 10.1038/sdata.2015.49 (2015)
EOL:196148	fusarium proliferatum	Fungi	RO:0002556	Pathogen of	EOL:1115259	zea mays	Higher Plants						doi: 10.1038/sdata.2015.49	Wardeh, M. et al. Database of host-pathogen and related species interactions, and their global distribution. Sci. Data 2:150049 doi: 10.1038/sdata.2015.49 (2015)
EOL:972799	pantoea agglomerans	Bacteria	RO:0002556	Pathogen of	EOL:1115259	zea mays	Higher Plants						doi: 10.1038/sdata.2015.49	Wardeh, M. et al. Database of host-pathogen and related species interactions, and their global distribution. Sci. Data 2:150049 doi: 10.1038/sdata.2015.49 (2015)
EOL:972802	pantoea ananatis	Bacteria	RO:0002556	Pathogen of	EOL:1115259	zea mays	Higher Plants						doi: 10.1038/sdata.2015.49	Wardeh, M. et al. Database of host-pathogen and related species interactions, and their global distribution. Sci. Data 2:150049 doi: 10.1038/sdata.2015.49 (2015)
EOL:972754	pantoea dispersa	Bacteria	RO:0002556	Pathogen of	EOL:1115259	zea mays	Higher Plants						doi: 10.1038/sdata.2015.49	Wardeh, M. et al. Database of host-pathogen and related species interactions, and their global distribution. Sci. Data 2:150049 doi: 10.1038/sdata.2015.49 (2015)
EOL:11681321	pantoea eucrina	Bacteria	RO:0002556	Pathogen of	EOL:1115259	zea mays	Higher Plants						doi: 10.1038/sdata.2015.49	Wardeh, M. et al. Database of host-pathogen and related species interactions, and their global distribution. Sci. Data 2:150049 doi: 10.1038/sdata.2015.49 (2015)
EOL:6375676	pantoea stewartii	Bacteria	RO:0002556	Pathogen of	EOL:1115259	zea mays	Higher Plants						doi: 10.1038/sdata.2015.49	Wardeh, M. et al. Database of host-pathogen and related species interactions, and their global distribution. Sci. Data 2:150049 doi: 10.1038/sdata.2015.49 (2015)
EOL:11681317	pantoea vagans	Bacteria	RO:0002556	Pathogen of	EOL:1115259	zea mays	Higher Plants						doi: 10.1038/sdata.2015.49	Wardeh, M. et al. Database of host-pathogen and related species interactions, and their global distribution. Sci. Data 2:150049 doi: 10.1038/sdata.2015.49 (2015)
EOL:973024	pseudomonas fluorescens	Bacteria	RO:0002556	Pathogen of	EOL:1115259	zea mays	Higher Plants						doi: 10.1038/sdata.2015.49	Wardeh, M. et al. Database of host-pathogen and related species interactions, and their global distribution. Sci. Data 2:150049 doi: 10.1038/sdata.2015.49 (2015)
